{"loanInput":{"result":"","months":"","interest":"","loanAmount":""},"withdrawalInput":{"result":"","months":"","interest":"","initialAmount":""},"notes":{},"fourKInput":{"result":"","currentAge":"","annualSalary":"","rateOfReturn":"","retirementAge":"","currentBalance":"","contribute":"","employerMatchEnds":"","salaryIncrease":"","employerMatch":"","inflation":""},"rates":{"CHF":1.1512,"HRK":7.4445,"MXN":23.304,"ZAR":14.707,"INR":80.32,"CNY":7.8121,"THB":38.77,"AUD":1.5885,"ILS":4.2508,"KRW":1334.8,"JPY":129.77,"PLN":4.1944,"GBP":0.8932,"IDR":16963,"HUF":313.88,"PHP":64.033,"TRY":4.6998,"RUB":70.385,"HKD":9.6397,"ISK":123.9,"DKK":7.4479,"CAD":1.5858,"MYR":4.8267,"USD":1.2312,"BGN":1.9558,"NOK":9.6178,"RON":4.6595,"SGD":1.6261,"CZK":25.409,"SEK":10.164,"NZD":1.7014,"BRL":4.0096},"answers":{"answers2":"","answers1":"","answers4":"","answers3":""},"conversionInput":{"resultText":"","initialUnitText":"","finalUnitText":"","inputText":""}}
